{"cameraMode":{"drawMode":0,"name":"Shaded","section":"Shading Mode"},"sceneLighting":false,"audioPlay":false,"sceneViewState":{"showFog":true,"showMaterialUpdate":false,"showSkybox":true,"showFlares":true,"showImageEffects":true,"showParticleSystems":true},"in2DMode":false,"pivot":{"x":10.359003067016602,"y":4.011005401611328,"z":4.33145809173584},"rotation":{"x":-0.0847068652510643,"y":0.04722282662987709,"z":-0.004017317667603493,"w":-0.9952781796455383},"size":5.223392963409424,"orthographic":false}