{"cameraMode":{"drawMode":0,"name":"Shaded","section":"Shading Mode"},"sceneLighting":false,"audioPlay":false,"sceneViewState":{"showFog":true,"showMaterialUpdate":false,"showSkybox":true,"showFlares":true,"showImageEffects":true,"showParticleSystems":true},"in2DMode":false,"pivot":{"x":1.0399999618530274,"y":4.367000102996826,"z":15.764999389648438},"rotation":{"x":-0.05664459988474846,"y":-0.9194018840789795,"z":0.14403539896011353,"w":-0.36158737540245058},"size":2.000518560409546,"orthographic":false}