{"cameraMode":{"drawMode":0,"name":"Shaded","section":"Shading Mode"},"sceneLighting":true,"audioPlay":false,"sceneViewState":{"showFog":true,"showMaterialUpdate":false,"showSkybox":true,"showFlares":true,"showImageEffects":true,"showParticleSystems":true},"in2DMode":false,"pivot":{"x":61.04856491088867,"y":-15.73840618133545,"z":8.629423141479493},"rotation":{"x":0.1370561271905899,"y":0.640086829662323,"z":-0.11747086048126221,"w":0.7467966079711914},"size":80.44062042236328,"orthographic":false}