{"cameraMode":{"drawMode":0,"name":"Shaded","section":"Shading Mode"},"sceneLighting":true,"audioPlay":false,"sceneViewState":{"showFog":true,"showMaterialUpdate":false,"showSkybox":true,"showFlares":true,"showImageEffects":true,"showParticleSystems":true},"in2DMode":false,"pivot":{"x":-11.153701782226563,"y":-12.128562927246094,"z":32.544857025146487},"rotation":{"x":0.24904198944568635,"y":-0.35369041562080386,"z":0.09828225523233414,"w":0.8962264657020569},"size":63.87007141113281,"orthographic":false}