{"cameraMode":{"drawMode":0,"name":"Shaded","section":"Shading Mode"},"sceneLighting":false,"audioPlay":false,"sceneViewState":{"showFog":true,"showMaterialUpdate":false,"showSkybox":true,"showFlares":true,"showImageEffects":true,"showParticleSystems":true},"in2DMode":false,"pivot":{"x":11.173076629638672,"y":3.7095370292663576,"z":3.0805256366729738},"rotation":{"x":-0.27058541774749758,"y":-0.19384558498859406,"z":0.05572280287742615,"w":-0.9413301348686218},"size":5.223392963409424,"orthographic":false}