{"cameraMode":{"drawMode":0,"name":"Shaded","section":"Shading Mode"},"sceneLighting":true,"audioPlay":false,"sceneViewState":{"showFog":true,"showMaterialUpdate":false,"showSkybox":true,"showFlares":true,"showImageEffects":true,"showParticleSystems":true},"in2DMode":false,"pivot":{"x":-2.039015769958496,"y":13.116867065429688,"z":7.854133605957031},"rotation":{"x":0.3202659785747528,"y":0.4208810329437256,"z":-0.16177475452423097,"w":0.8331373333930969},"size":8.427116394042969,"orthographic":false}