{"cameraMode":{"drawMode":0,"name":"Shaded","section":"Shading Mode"},"sceneLighting":false,"audioPlay":false,"sceneViewState":{"showFog":true,"showMaterialUpdate":false,"showSkybox":true,"showFlares":true,"showImageEffects":true,"showParticleSystems":true},"in2DMode":false,"pivot":{"x":-3.450000047683716,"y":0.5348348617553711,"z":-6.765078544616699},"rotation":{"x":0.18546833097934724,"y":-0.31886282563209536,"z":0.06377288699150086,"w":0.9272869825363159},"size":2.386223793029785,"orthographic":false}