{"cameraMode":{"drawMode":0,"name":"Shaded","section":"Shading Mode"},"sceneLighting":false,"audioPlay":false,"sceneViewState":{"showFog":true,"showMaterialUpdate":false,"showSkybox":true,"showFlares":true,"showImageEffects":true,"showParticleSystems":true},"in2DMode":false,"pivot":{"x":-3.450000047683716,"y":0.9599999785423279,"z":-6.800000190734863},"rotation":{"x":0.2234128713607788,"y":0.29175683856010439,"z":-0.07029005140066147,"w":0.9273748397827148},"size":0.5401614308357239,"orthographic":false}