{"cameraMode":{"drawMode":0,"name":"Shaded","section":"Shading Mode"},"sceneLighting":true,"audioPlay":false,"sceneViewState":{"showFog":true,"showMaterialUpdate":false,"showSkybox":true,"showFlares":true,"showImageEffects":true,"showParticleSystems":true},"in2DMode":false,"pivot":{"x":-16.417966842651368,"y":10.747690200805664,"z":46.93720626831055},"rotation":{"x":-0.01567825861275196,"y":0.17089352011680604,"z":-0.002717268653213978,"w":-0.9851610660552979},"size":41.7518424987793,"orthographic":false}