{"cameraMode":{"drawMode":0,"name":"Shaded","section":"Shading Mode"},"sceneLighting":true,"audioPlay":false,"sceneViewState":{"showFog":true,"showMaterialUpdate":false,"showSkybox":true,"showFlares":true,"showImageEffects":true,"showParticleSystems":true},"in2DMode":false,"pivot":{"x":18.30889129638672,"y":-11.487730026245118,"z":38.93156814575195},"rotation":{"x":0.14494487643241883,"y":0.2756708860397339,"z":-0.04208787903189659,"w":0.9493288397789002},"size":50.533599853515628,"orthographic":false}