{"cameraMode":{"drawMode":0,"name":"Shaded","section":"Shading Mode"},"sceneLighting":true,"audioPlay":false,"sceneViewState":{"showFog":true,"showMaterialUpdate":false,"showSkybox":true,"showFlares":true,"showImageEffects":true,"showParticleSystems":true},"in2DMode":false,"pivot":{"x":-16.030981063842775,"y":5.157147407531738,"z":34.39995193481445},"rotation":{"x":0.02309354953467846,"y":-0.1624322533607483,"z":0.003799310652539134,"w":0.9864420890808106},"size":56.53726577758789,"orthographic":false}