{"cameraMode":{"drawMode":0,"name":"Shaded","section":"Shading Mode"},"sceneLighting":false,"audioPlay":false,"sceneViewState":{"showFog":true,"showMaterialUpdate":false,"showSkybox":true,"showFlares":true,"showImageEffects":true,"showParticleSystems":true},"in2DMode":false,"pivot":{"x":-3.5307278633117677,"y":12.343377113342286,"z":51.60528564453125},"rotation":{"x":-0.30621156096458437,"y":-0.13316218554973603,"z":0.04330107569694519,"w":-0.9416089653968811},"size":91.64533996582031,"orthographic":false}