{"cameraMode":{"drawMode":0,"name":"Shaded","section":"Shading Mode"},"sceneLighting":true,"audioPlay":false,"sceneViewState":{"showFog":true,"showMaterialUpdate":false,"showSkybox":true,"showFlares":true,"showImageEffects":true,"showParticleSystems":true},"in2DMode":false,"pivot":{"x":22.655738830566408,"y":11.200957298278809,"z":-30.20901107788086},"rotation":{"x":0.005501699633896351,"y":-0.9301825761795044,"z":-0.013952941633760929,"w":-0.36679068207740786},"size":61.6453971862793,"orthographic":false}