{"cameraMode":{"drawMode":0,"name":"Shaded","section":"Shading Mode"},"sceneLighting":false,"audioPlay":false,"sceneViewState":{"showFog":true,"showMaterialUpdate":false,"showSkybox":true,"showFlares":true,"showImageEffects":true,"showParticleSystems":true},"in2DMode":false,"pivot":{"x":-1.215146780014038,"y":3.087543487548828,"z":-0.23361682891845704},"rotation":{"x":0.23908430337905885,"y":0.15935705602169038,"z":-0.039810918271541598,"w":0.9570053815841675},"size":10.145444869995118,"orthographic":false}