{"cameraMode":{"drawMode":0,"name":"Shaded","section":"Shading Mode"},"sceneLighting":false,"audioPlay":false,"sceneViewState":{"showFog":true,"showMaterialUpdate":false,"showSkybox":true,"showFlares":true,"showImageEffects":true,"showParticleSystems":true},"in2DMode":false,"pivot":{"x":-11.624999046325684,"y":12.875001907348633,"z":90.625},"rotation":{"x":-0.05664459988474846,"y":-0.9194018840789795,"z":0.14403539896011353,"w":-0.36158737540245058},"size":2.704948663711548,"orthographic":false}