{"cameraMode":{"drawMode":0,"name":"Shaded","section":"Shading Mode"},"sceneLighting":true,"audioPlay":false,"sceneViewState":{"showFog":true,"showMaterialUpdate":false,"showSkybox":true,"showFlares":true,"showImageEffects":true,"showParticleSystems":true},"in2DMode":false,"pivot":{"x":-2.54561185836792,"y":25.79853630065918,"z":34.65012741088867},"rotation":{"x":-0.2225840985774994,"y":0.018883122131228448,"z":-0.004326254595071077,"w":-0.9747210741043091},"size":0.04262089729309082,"orthographic":false}