{"cameraMode":{"drawMode":0,"name":"Shaded","section":"Shading Mode"},"sceneLighting":false,"audioPlay":false,"sceneViewState":{"showFog":true,"showMaterialUpdate":false,"showSkybox":true,"showFlares":true,"showImageEffects":true,"showParticleSystems":true},"in2DMode":false,"pivot":{"x":-3.8072805404663088,"y":12.03422737121582,"z":51.4364013671875},"rotation":{"x":-0.05266893282532692,"y":-0.9467670321464539,"z":0.20714755356311799,"w":-0.24072428047657014},"size":3.1734631061553957,"orthographic":false}