{"cameraMode":{"drawMode":0,"name":"Shaded","section":"Shading Mode"},"sceneLighting":false,"audioPlay":false,"sceneViewState":{"showFog":true,"showMaterialUpdate":false,"showSkybox":true,"showFlares":true,"showImageEffects":true,"showParticleSystems":true},"in2DMode":false,"pivot":{"x":-3.4489645957946779,"y":12.042733192443848,"z":51.63979721069336},"rotation":{"x":-0.08676863461732865,"y":-0.9073417782783508,"z":0.23158606886863709,"w":-0.33995598554611208},"size":3.1734631061553957,"orthographic":false}