{"cameraMode":{"drawMode":0,"name":"Shaded","section":"Shading Mode"},"sceneLighting":true,"audioPlay":false,"sceneViewState":{"showFog":true,"showMaterialUpdate":false,"showSkybox":true,"showFlares":true,"showImageEffects":true,"showParticleSystems":true},"in2DMode":false,"pivot":{"x":-10.660919189453125,"y":1.5819475650787354,"z":53.171363830566409},"rotation":{"x":0.020352160558104516,"y":-0.06743553280830383,"z":0.0013726871693506837,"w":0.9975151419639587},"size":71.56278228759766,"orthographic":false}