{"cameraMode":{"drawMode":0,"name":"Shaded","section":"Shading Mode"},"sceneLighting":true,"audioPlay":false,"sceneViewState":{"showFog":true,"showMaterialUpdate":false,"showSkybox":true,"showFlares":true,"showImageEffects":true,"showParticleSystems":true},"in2DMode":false,"pivot":{"x":-12.547591209411621,"y":9.525834083557129,"z":37.48870849609375},"rotation":{"x":-0.08134330809116364,"y":0.11770093441009522,"z":-0.009687526151537896,"w":-0.9896645545959473},"size":64.82775115966797,"orthographic":false}